Workbook
Name Bodegas: Catalogos!$E$4:$E$7
Name Depositos: Catalogos!$F$4:$F$9
Name Navieras: Catalogos!$B$4:$B$7
Name Puertos: Catalogos!$A$4:$A$7
Name Status: Catalogos!$C$4:$C$7
Name Tipo_Incidencia: Catalogos!$D$4:$D$13

Sheet Instrucciones
A1: CONTROL LOGÍSTICO GRUPASA - GALAGANS
A3: Objetivo | B3: Este archivo vive en Excel Online y una sola persona debe mantenerlo. El programa lo descargará todos los días a las 10:00 para actualizar el dashboard.
A4: Hoja 1 - Registro_Contenedores | B4: Crear nuevos contenedores. Aquí también se define el Depósito de Vacío.
A5: Hoja 2 - Planif_Grupasa | B5: Llenar Plan_Llegada_Grupasa, Bodega, Hora_Descarga y Comentario_Plan.
A6: Hoja 3 - Planif_Galagans | B6: Llenar Plan_Llegada_Patio, Plan_Devolucion_Vacio y Comentario_Plan. La llegada a Grupasa y la hora de descarga vienen desde la planificación de Grupasa.
A7: Hoja 4 - Status_Operativo | B7: Actualizar Status_Actual, Horario_Entrega_Real, Tipo_Incidencia y Comentario. Horario_Entrega_Real solo aplica cuando el status es ENTREGADO.
A8: Hoja 5 - Base_Historica | B8: Solo consulta. Aquí debe quedar el historial que cargue el programa automático.
A9: Hoja 6 - Control_Calidad | B9: Revisar esta pestaña antes de cerrar. Si aparece ERROR, corregir lo indicado antes de que el archivo sea descargado por el programa.

Sheet Catalogos
A1: CATÁLOGOS Y LISTAS
A3: Puertos | B3: Navieras | C3: Status | D3: Tipo_Incidencia | E3: Bodegas | F3: Depositos | G3: Tipo contenedor
A4: CGSA | B4: CMA CGM | C4: EN PUERTO | D4: SIN NOVEDAD | E4: BODEGA SIERRA | F4: BLASTI | G4: 20
A5: NAPORTEC | B5: HALO | C5: EN PATIO GALAGANS | D5: DOCUMENTAL | E5: CAMPO CHINO | F5: MEDLOG | G5: 40
A6: TPG | B6: MSC | C6: ENTREGADO | D6: DEMORA NAVIERA | E6: PLANTA PRINCIPAL | F6: RFS
A7: POSORJA | B7: MAERSK | D7: DEMORA PUERTO | E7: BODEGA COSTA | F7: CONTECON VACIOS
D8: DEMORA TRANSPORTE
D9: INCIDENCIA EN DESCARGA

Sheet Registro_Contenedores
A1: 1. REGISTRO DE CONTENEDORES
A3: ID_Contenedor | B3: Pedido | C3: Parcial | D3: BL | E3: Naviera | F3: Tipo_Contenedor | G3: Producto | H3: Puerto | I3: Fecha_Arribo | J3: Fecha_CAS | K3: Deposito_Vacio | L3: Solo editar celdas azules
A4: MSCU4510021 | B4: PED-260401 | C4: P-01 | D4: BLGYE0101 | E4: MSC | F4: 40 | G4: Resina PET | H4: CGSA | I4: 46113 | J4: 46127 | K4: MEDLOG
A5: CMAU3381450 | B5: PED-260402 | C5: P-01 | D5: BLGYE0102 | E5: CMA CGM | F5: 40 | G5: Cartón corrugado | H5: NAPORTEC | I5: 46114 | J5: 46126 | K5: BLASTI
A6: MSCU4102298 | B6: PED-260403 | C6: P-02 | D6: BLGYE0103 | E6: MSC | F6: 20 | G6: Polietileno | H6: TPG | I6: 46115 | J6: 46128 | K6: RFS
A7: MAEU9928113 | B7: PED-260404 | C7: P-01 | D7: BLGYE0104 | E7: MAERSK | F7: 40 | G7: Film stretch | H7: POSORJA | I7: 46116 | J7: 46130 | K7: CONTECON VACIOS
A8: HLBU5543219 | B8: PED-260405 | C8: P-03 | D8: BLGYE0105 | E8: HALO | F8: 20 | G8: Masterbatch | H8: CGSA | I8: 46117 | J8: 46131 | K8: MEDLOG

Sheet Planif_Grupasa
A1: 2. PLANIFICACIÓN GRUPASA
A3: ID_Contenedor | B3: Pedido | C3: Naviera | D3: Puerto | E3: Fecha_CAS | F3: Deposito_Vacio | G3: Plan_Llegada_Grupasa | H3: Bodega | I3: Hora_Descarga | J3: Comentario_Plan
A4: =IF(Registro_Contenedores!A4="","",Registro_Contenedores!A4) -> MSCU4510021 | B4: =IF($A4="","",Registro_Contenedores!B4) -> PED-260401 | C4: =IF($A4="","",Registro_Contenedores!E4) -> MSC | D4: =IF($A4="","",Registro_Contenedores!H4) -> CGSA | E4: =IF($A4="","",Registro_Contenedores!J4) -> 46127 | F4: =IF($A4="","",Registro_Contenedores!K4) -> MEDLOG | G4: 46119 | H4: BODEGA SIERRA | I4: 08:00 | J4: Descarga prioritaria
A5: =IF(Registro_Contenedores!A5="","",Registro_Contenedores!A5) -> CMAU3381450 | B5: =IF($A5="","",Registro_Contenedores!B5) -> PED-260402 | C5: =IF($A5="","",Registro_Contenedores!E5) -> CMA CGM | D5: =IF($A5="","",Registro_Contenedores!H5) -> NAPORTEC | E5: =IF($A5="","",Registro_Contenedores!J5) -> 46126 | F5: =IF($A5="","",Registro_Contenedores!K5) -> BLASTI | G5: 46120 | H5: CAMPO CHINO | I5: 10:30
A6: =IF(Registro_Contenedores!A6="","",Registro_Contenedores!A6) -> MSCU4102298 | B6: =IF($A6="","",Registro_Contenedores!B6) -> PED-260403 | C6: =IF($A6="","",Registro_Contenedores!E6) -> MSC | D6: =IF($A6="","",Registro_Contenedores!H6) -> TPG | E6: =IF($A6="","",Registro_Contenedores!J6) -> 46128 | F6: =IF($A6="","",Registro_Contenedores!K6) -> RFS | G6: 46121 | H6: PLANTA PRINCIPAL | I6: 07:45 | J6: Se requiere montacarga
A7: =IF(Registro_Contenedores!A7="","",Registro_Contenedores!A7) -> MAEU9928113 | B7: =IF($A7="","",Registro_Contenedores!B7) -> PED-260404 | C7: =IF($A7="","",Registro_Contenedores!E7) -> MAERSK | D7: =IF($A7="","",Registro_Contenedores!H7) -> POSORJA | E7: =IF($A7="","",Registro_Contenedores!J7) -> 46130 | F7: =IF($A7="","",Registro_Contenedores!K7) -> CONTECON VACIOS | G7: 46122 | H7: BODEGA COSTA | I7: 11:00
A8: =IF(Registro_Contenedores!A8="","",Registro_Contenedores!A8) -> HLBU5543219 | B8: =IF($A8="","",Registro_Contenedores!B8) -> PED-260405 | C8: =IF($A8="","",Registro_Contenedores!E8) -> HALO | D8: =IF($A8="","",Registro_Contenedores!H8) -> CGSA | E8: =IF($A8="","",Registro_Contenedores!J8) -> 46131 | F8: =IF($A8="","",Registro_Contenedores!K8) -> MEDLOG | G8: 46123 | H8: BODEGA SIERRA | I8: 09:15 | J8: Cliente solicita ventana AM
A9: =IF(Registro_Contenedores!A9="","",Registro_Contenedores!A9) | B9: =IF($A9="","",Registro_Contenedores!B9) | C9: =IF($A9="","",Registro_Contenedores!E9) | D9: =IF($A9="","",Registro_Contenedores!H9) | E9: =IF($A9="","",Registro_Contenedores!J9) | F9: =IF($A9="","",Registro_Contenedores!K9)
A10: =IF(Registro_Contenedores!A10="","",Registro_Contenedores!A10) | B10: =IF($A10="","",Registro_Contenedores!B10) | C10: =IF($A10="","",Registro_Contenedores!E10) | D10: =IF($A10="","",Registro_Contenedores!H10) | E10: =IF($A10="","",Registro_Contenedores!J10) | F10: =IF($A10="","",Registro_Contenedores!K10)
A11: =IF(Registro_Contenedores!A11="","",Registro_Contenedores!A11) | B11: =IF($A11="","",Registro_Contenedores!B11) | C11: =IF($A11="","",Registro_Contenedores!E11) | D11: =IF($A11="","",Registro_Contenedores!H11) | E11: =IF($A11="","",Registro_Contenedores!J11) | F11: =IF($A11="","",Registro_Contenedores!K11)
A12: =IF(Registro_Contenedores!A12="","",Registro_Contenedores!A12) | B12: =IF($A12="","",Registro_Contenedores!B12) | C12: =IF($A12="","",Registro_Contenedores!E12) | D12: =IF($A12="","",Registro_Contenedores!H12) | E12: =IF($A12="","",Registro_Contenedores!J12) | F12: =IF($A12="","",Registro_Contenedores!K12)
A13: =IF(Registro_Contenedores!A13="","",Registro_Contenedores!A13) | B13: =IF($A13="","",Registro_Contenedores!B13) | C13: =IF($A13="","",Registro_Contenedores!E13) | D13: =IF($A13="","",Registro_Contenedores!H13) | E13: =IF($A13="","",Registro_Contenedores!J13) | F13: =IF($A13="","",Registro_Contenedores!K13)
A14: =IF(Registro_Contenedores!A14="","",Registro_Contenedores!A14) | B14: =IF($A14="","",Registro_Contenedores!B14) | C14: =IF($A14="","",Registro_Contenedores!E14) | D14: =IF($A14="","",Registro_Contenedores!H14) | E14: =IF($A14="","",Registro_Contenedores!J14) | F14: =IF($A14="","",Registro_Contenedores!K14)
A15: =IF(Registro_Contenedores!A15="","",Registro_Contenedores!A15) | B15: =IF($A15="","",Registro_Contenedores!B15) | C15: =IF($A15="","",Registro_Contenedores!E15) | D15: =IF($A15="","",Registro_Contenedores!H15) | E15: =IF($A15="","",Registro_Contenedores!J15) | F15: =IF($A15="","",Registro_Contenedores!K15)
A16: =IF(Registro_Contenedores!A16="","",Registro_Contenedores!A16) | B16: =IF($A16="","",Registro_Contenedores!B16) | C16: =IF($A16="","",Registro_Contenedores!E16) | D16: =IF($A16="","",Registro_Contenedores!H16) | E16: =IF($A16="","",Registro_Contenedores!J16) | F16: =IF($A16="","",Registro_Contenedores!K16)
A17: =IF(Registro_Contenedores!A17="","",Registro_Contenedores!A17) | B17: =IF($A17="","",Registro_Contenedores!B17) | C17: =IF($A17="","",Registro_Contenedores!E17) | D17: =IF($A17="","",Registro_Contenedores!H17) | E17: =IF($A17="","",Registro_Contenedores!J17) | F17: =IF($A17="","",Registro_Contenedores!K17)
A18: =IF(Registro_Contenedores!A18="","",Registro_Contenedores!A18) | B18: =IF($A18="","",Registro_Contenedores!B18) | C18: =IF($A18="","",Registro_Contenedores!E18) | D18: =IF($A18="","",Registro_Contenedores!H18) | E18: =IF($A18="","",Registro_Contenedores!J18) | F18: =IF($A18="","",Registro_Contenedores!K18)
A19: =IF(Registro_Contenedores!A19="","",Registro_Contenedores!A19) | B19: =IF($A19="","",Registro_Contenedores!B19) | C19: =IF($A19="","",Registro_Contenedores!E19) | D19: =IF($A19="","",Registro_Contenedores!H19) | E19: =IF($A19="","",Registro_Contenedores!J19) | F19: =IF($A19="","",Registro_Contenedores!K19)
A20: =IF(Registro_Contenedores!A20="","",Registro_Contenedores!A20) | B20: =IF($A20="","",Registro_Contenedores!B20) | C20: =IF($A20="","",Registro_Contenedores!E20) | D20: =IF($A20="","",Registro_Contenedores!H20) | E20: =IF($A20="","",Registro_Contenedores!J20) | F20: =IF($A20="","",Registro_Contenedores!K20)
... A203: =IF(Registro_Contenedores!A203="","",Registro_Contenedores!A203) | B203: =IF($A203="","",Registro_Contenedores!B203) | C203: =IF($A203="","",Registro_Contenedores!E203) | D203: =IF($A203="","",Registro_Contenedores!H203) | E203: =IF($A203="","",Registro_Contenedores!J203) | F203: =IF($A203="","",Registro_Contenedores!K203)

Sheet Planif_Galagans
A1: 3. PLANIFICACIÓN GALAGANS
A3: ID_Contenedor | B3: Pedido | C3: Naviera | D3: Puerto | E3: Plan_Llegada_Grupasa | F3: Hora_Descarga | G3: Deposito_Vacio | H3: Plan_Llegada_Patio | I3: Plan_Devolucion_Vacio | J3: Comentario_Plan
A4: =IF(Registro_Contenedores!A4="","",Registro_Contenedores!A4) -> MSCU4510021 | B4: =IF($A4="","",Registro_Contenedores!B4) -> PED-260401 | C4: =IF($A4="","",Registro_Contenedores!E4) -> MSC | D4: =IF($A4="","",Registro_Contenedores!H4) -> CGSA | E4: =IF($A4="","",Planif_Grupasa!G4) -> 46119 | F4: =IF($A4="","",Planif_Grupasa!I4) -> 08:00 | G4: =IF($A4="","",Registro_Contenedores!K4) -> MEDLOG | H4: 46117 | I4: 46124 | J4: Retiro coordinado con naviera
A5: =IF(Registro_Contenedores!A5="","",Registro_Contenedores!A5) -> CMAU3381450 | B5: =IF($A5="","",Registro_Contenedores!B5) -> PED-260402 | C5: =IF($A5="","",Registro_Contenedores!E5) -> CMA CGM | D5: =IF($A5="","",Registro_Contenedores!H5) -> NAPORTEC | E5: =IF($A5="","",Planif_Grupasa!G5) -> 46120 | F5: =IF($A5="","",Planif_Grupasa!I5) -> 10:30 | G5: =IF($A5="","",Registro_Contenedores!K5) -> BLASTI | H5: 46118 | I5: 46125
A6: =IF(Registro_Contenedores!A6="","",Registro_Contenedores!A6) -> MSCU4102298 | B6: =IF($A6="","",Registro_Contenedores!B6) -> PED-260403 | C6: =IF($A6="","",Registro_Contenedores!E6) -> MSC | D6: =IF($A6="","",Registro_Contenedores!H6) -> TPG | E6: =IF($A6="","",Planif_Grupasa!G6) -> 46121 | F6: =IF($A6="","",Planif_Grupasa!I6) -> 07:45 | G6: =IF($A6="","",Registro_Contenedores!K6) -> RFS | H6: 46119 | I6: 46126 | J6: Se anticipa devolución
A7: =IF(Registro_Contenedores!A7="","",Registro_Contenedores!A7) -> MAEU9928113 | B7: =IF($A7="","",Registro_Contenedores!B7) -> PED-260404 | C7: =IF($A7="","",Registro_Contenedores!E7) -> MAERSK | D7: =IF($A7="","",Registro_Contenedores!H7) -> POSORJA | E7: =IF($A7="","",Planif_Grupasa!G7) -> 46122 | F7: =IF($A7="","",Planif_Grupasa!I7) -> 11:00 | G7: =IF($A7="","",Registro_Contenedores!K7) -> CONTECON VACIOS | H7: 46120 | I7: 46127
A8: =IF(Registro_Contenedores!A8="","",Registro_Contenedores!A8) -> HLBU5543219 | B8: =IF($A8="","",Registro_Contenedores!B8) -> PED-260405 | C8: =IF($A8="","",Registro_Contenedores!E8) -> HALO | D8: =IF($A8="","",Registro_Contenedores!H8) -> CGSA | E8: =IF($A8="","",Planif_Grupasa!G8) -> 46123 | F8: =IF($A8="","",Planif_Grupasa!I8) -> 09:15 | G8: =IF($A8="","",Registro_Contenedores!K8) -> MEDLOG | H8: 46121 | I8: 46128 | J8: Patio prioriza este contenedor
A9: =IF(Registro_Contenedores!A9="","",Registro_Contenedores!A9) | B9: =IF($A9="","",Registro_Contenedores!B9) | C9: =IF($A9="","",Registro_Contenedores!E9) | D9: =IF($A9="","",Registro_Contenedores!H9) | E9: =IF($A9="","",Planif_Grupasa!G9) | F9: =IF($A9="","",Planif_Grupasa!I9) | G9: =IF($A9="","",Registro_Contenedores!K9)
A10: =IF(Registro_Contenedores!A10="","",Registro_Contenedores!A10) | B10: =IF($A10="","",Registro_Contenedores!B10) | C10: =IF($A10="","",Registro_Contenedores!E10) | D10: =IF($A10="","",Registro_Contenedores!H10) | E10: =IF($A10="","",Planif_Grupasa!G10) | F10: =IF($A10="","",Planif_Grupasa!I10) | G10: =IF($A10="","",Registro_Contenedores!K10)
A11: =IF(Registro_Contenedores!A11="","",Registro_Contenedores!A11) | B11: =IF($A11="","",Registro_Contenedores!B11) | C11: =IF($A11="","",Registro_Contenedores!E11) | D11: =IF($A11="","",Registro_Contenedores!H11) | E11: =IF($A11="","",Planif_Grupasa!G11) | F11: =IF($A11="","",Planif_Grupasa!I11) | G11: =IF($A11="","",Registro_Contenedores!K11)
A12: =IF(Registro_Contenedores!A12="","",Registro_Contenedores!A12) | B12: =IF($A12="","",Registro_Contenedores!B12) | C12: =IF($A12="","",Registro_Contenedores!E12) | D12: =IF($A12="","",Registro_Contenedores!H12) | E12: =IF($A12="","",Planif_Grupasa!G12) | F12: =IF($A12="","",Planif_Grupasa!I12) | G12: =IF($A12="","",Registro_Contenedores!K12)
A13: =IF(Registro_Contenedores!A13="","",Registro_Contenedores!A13) | B13: =IF($A13="","",Registro_Contenedores!B13) | C13: =IF($A13="","",Registro_Contenedores!E13) | D13: =IF($A13="","",Registro_Contenedores!H13) | E13: =IF($A13="","",Planif_Grupasa!G13) | F13: =IF($A13="","",Planif_Grupasa!I13) | G13: =IF($A13="","",Registro_Contenedores!K13)
A14: =IF(Registro_Contenedores!A14="","",Registro_Contenedores!A14) | B14: =IF($A14="","",Registro_Contenedores!B14) | C14: =IF($A14="","",Registro_Contenedores!E14) | D14: =IF($A14="","",Registro_Contenedores!H14) | E14: =IF($A14="","",Planif_Grupasa!G14) | F14: =IF($A14="","",Planif_Grupasa!I14) | G14: =IF($A14="","",Registro_Contenedores!K14)
A15: =IF(Registro_Contenedores!A15="","",Registro_Contenedores!A15) | B15: =IF($A15="","",Registro_Contenedores!B15) | C15: =IF($A15="","",Registro_Contenedores!E15) | D15: =IF($A15="","",Registro_Contenedores!H15) | E15: =IF($A15="","",Planif_Grupasa!G15) | F15: =IF($A15="","",Planif_Grupasa!I15) | G15: =IF($A15="","",Registro_Contenedores!K15)
A16: =IF(Registro_Contenedores!A16="","",Registro_Contenedores!A16) | B16: =IF($A16="","",Registro_Contenedores!B16) | C16: =IF($A16="","",Registro_Contenedores!E16) | D16: =IF($A16="","",Registro_Contenedores!H16) | E16: =IF($A16="","",Planif_Grupasa!G16) | F16: =IF($A16="","",Planif_Grupasa!I16) | G16: =IF($A16="","",Registro_Contenedores!K16)
A17: =IF(Registro_Contenedores!A17="","",Registro_Contenedores!A17) | B17: =IF($A17="","",Registro_Contenedores!B17) | C17: =IF($A17="","",Registro_Contenedores!E17) | D17: =IF($A17="","",Registro_Contenedores!H17) | E17: =IF($A17="","",Planif_Grupasa!G17) | F17: =IF($A17="","",Planif_Grupasa!I17) | G17: =IF($A17="","",Registro_Contenedores!K17)
A18: =IF(Registro_Contenedores!A18="","",Registro_Contenedores!A18) | B18: =IF($A18="","",Registro_Contenedores!B18) | C18: =IF($A18="","",Registro_Contenedores!E18) | D18: =IF($A18="","",Registro_Contenedores!H18) | E18: =IF($A18="","",Planif_Grupasa!G18) | F18: =IF($A18="","",Planif_Grupasa!I18) | G18: =IF($A18="","",Registro_Contenedores!K18)
A19: =IF(Registro_Contenedores!A19="","",Registro_Contenedores!A19) | B19: =IF($A19="","",Registro_Contenedores!B19) | C19: =IF($A19="","",Registro_Contenedores!E19) | D19: =IF($A19="","",Registro_Contenedores!H19) | E19: =IF($A19="","",Planif_Grupasa!G19) | F19: =IF($A19="","",Planif_Grupasa!I19) | G19: =IF($A19="","",Registro_Contenedores!K19)
A20: =IF(Registro_Contenedores!A20="","",Registro_Contenedores!A20) | B20: =IF($A20="","",Registro_Contenedores!B20) | C20: =IF($A20="","",Registro_Contenedores!E20) | D20: =IF($A20="","",Registro_Contenedores!H20) | E20: =IF($A20="","",Planif_Grupasa!G20) | F20: =IF($A20="","",Planif_Grupasa!I20) | G20: =IF($A20="","",Registro_Contenedores!K20)
... A203: =IF(Registro_Contenedores!A203="","",Registro_Contenedores!A203) | B203: =IF($A203="","",Registro_Contenedores!B203) | C203: =IF($A203="","",Registro_Contenedores!E203) | D203: =IF($A203="","",Registro_Contenedores!H203) | E203: =IF($A203="","",Planif_Grupasa!G203) | F203: =IF($A203="","",Planif_Grupasa!I203) | G203: =IF($A203="","",Registro_Contenedores!K203)

Sheet Status_Operativo
A1: 4. STATUS OPERATIVO
A3: ID_Contenedor | B3: Pedido | C3: Naviera | D3: Puerto | E3: Fecha_CAS | F3: Plan_Llegada_Grupasa | G3: Hora_Descarga | H3: Plan_Devolucion_Vacio | I3: Deposito_Vacio | J3: Status_Actual | K3: Horario_Entrega_Real | L3: Tipo_Incidencia | M3: Comentario
A4: =IF(Registro_Contenedores!A4="","",Registro_Contenedores!A4) -> MSCU4510021 | B4: =IF($A4="","",Registro_Contenedores!B4) -> PED-260401 | C4: =IF($A4="","",Registro_Contenedores!E4) -> MSC | D4: =IF($A4="","",Registro_Contenedores!H4) -> CGSA | E4: =IF($A4="","",Registro_Contenedores!J4) -> 46127 | F4: =IF($A4="","",Planif_Grupasa!G4) -> 46119 | G4: =IF($A4="","",Planif_Grupasa!I4) -> 08:00 | H4: =IF($A4="","",Planif_Galagans!I4) -> 46124 | I4: =IF($A4="","",Registro_Contenedores!K4) -> MEDLOG | J4: EN PUERTO | L4: DOCUMENTAL | M4: Liberación pendiente
A5: =IF(Registro_Contenedores!A5="","",Registro_Contenedores!A5) -> CMAU3381450 | B5: =IF($A5="","",Registro_Contenedores!B5) -> PED-260402 | C5: =IF($A5="","",Registro_Contenedores!E5) -> CMA CGM | D5: =IF($A5="","",Registro_Contenedores!H5) -> NAPORTEC | E5: =IF($A5="","",Registro_Contenedores!J5) -> 46126 | F5: =IF($A5="","",Planif_Grupasa!G5) -> 46120 | G5: =IF($A5="","",Planif_Grupasa!I5) -> 10:30 | H5: =IF($A5="","",Planif_Galagans!I5) -> 46125 | I5: =IF($A5="","",Registro_Contenedores!K5) -> BLASTI | J5: EN PATIO GALAGANS | L5: SIN NOVEDAD | M5: Contenedor ya en patio
A6: =IF(Registro_Contenedores!A6="","",Registro_Contenedores!A6) -> MSCU4102298 | B6: =IF($A6="","",Registro_Contenedores!B6) -> PED-260403 | C6: =IF($A6="","",Registro_Contenedores!E6) -> MSC | D6: =IF($A6="","",Registro_Contenedores!H6) -> TPG | E6: =IF($A6="","",Registro_Contenedores!J6) -> 46128 | F6: =IF($A6="","",Planif_Grupasa!G6) -> 46121 | G6: =IF($A6="","",Planif_Grupasa!I6) -> 07:45 | H6: =IF($A6="","",Planif_Galagans!I6) -> 46126 | I6: =IF($A6="","",Registro_Contenedores!K6) -> RFS | J6: ENTREGADO | K6: 07:50 | L6: INCIDENCIA EN DESCARGA | M6: Entrega con leve retraso
A7: =IF(Registro_Contenedores!A7="","",Registro_Contenedores!A7) -> MAEU9928113 | B7: =IF($A7="","",Registro_Contenedores!B7) -> PED-260404 | C7: =IF($A7="","",Registro_Contenedores!E7) -> MAERSK | D7: =IF($A7="","",Registro_Contenedores!H7) -> POSORJA | E7: =IF($A7="","",Registro_Contenedores!J7) -> 46130 | F7: =IF($A7="","",Planif_Grupasa!G7) -> 46122 | G7: =IF($A7="","",Planif_Grupasa!I7) -> 11:00 | H7: =IF($A7="","",Planif_Galagans!I7) -> 46127 | I7: =IF($A7="","",Registro_Contenedores!K7) -> CONTECON VACIOS | J7: EN PUERTO | L7: SIN NOVEDAD | M7: Pendiente vaciado
A8: =IF(Registro_Contenedores!A8="","",Registro_Contenedores!A8) -> HLBU5543219 | B8: =IF($A8="","",Registro_Contenedores!B8) -> PED-260405 | C8: =IF($A8="","",Registro_Contenedores!E8) -> HALO | D8: =IF($A8="","",Registro_Contenedores!H8) -> CGSA | E8: =IF($A8="","",Registro_Contenedores!J8) -> 46131 | F8: =IF($A8="","",Planif_Grupasa!G8) -> 46123 | G8: =IF($A8="","",Planif_Grupasa!I8) -> 09:15 | H8: =IF($A8="","",Planif_Galagans!I8) -> 46128 | I8: =IF($A8="","",Registro_Contenedores!K8) -> MEDLOG | J8: EN PATIO GALAGANS | L8: SIN NOVEDAD | M8: Vacío ya devuelto
A9: =IF(Registro_Contenedores!A9="","",Registro_Contenedores!A9) | B9: =IF($A9="","",Registro_Contenedores!B9) | C9: =IF($A9="","",Registro_Contenedores!E9) | D9: =IF($A9="","",Registro_Contenedores!H9) | E9: =IF($A9="","",Registro_Contenedores!J9) | F9: =IF($A9="","",Planif_Grupasa!G9) | G9: =IF($A9="","",Planif_Grupasa!I9) | H9: =IF($A9="","",Planif_Galagans!I9) | I9: =IF($A9="","",Registro_Contenedores!K9)
A10: =IF(Registro_Contenedores!A10="","",Registro_Contenedores!A10) | B10: =IF($A10="","",Registro_Contenedores!B10) | C10: =IF($A10="","",Registro_Contenedores!E10) | D10: =IF($A10="","",Registro_Contenedores!H10) | E10: =IF($A10="","",Registro_Contenedores!J10) | F10: =IF($A10="","",Planif_Grupasa!G10) | G10: =IF($A10="","",Planif_Grupasa!I10) | H10: =IF($A10="","",Planif_Galagans!I10) | I10: =IF($A10="","",Registro_Contenedores!K10)
A11: =IF(Registro_Contenedores!A11="","",Registro_Contenedores!A11) | B11: =IF($A11="","",Registro_Contenedores!B11) | C11: =IF($A11="","",Registro_Contenedores!E11) | D11: =IF($A11="","",Registro_Contenedores!H11) | E11: =IF($A11="","",Registro_Contenedores!J11) | F11: =IF($A11="","",Planif_Grupasa!G11) | G11: =IF($A11="","",Planif_Grupasa!I11) | H11: =IF($A11="","",Planif_Galagans!I11) | I11: =IF($A11="","",Registro_Contenedores!K11)
A12: =IF(Registro_Contenedores!A12="","",Registro_Contenedores!A12) | B12: =IF($A12="","",Registro_Contenedores!B12) | C12: =IF($A12="","",Registro_Contenedores!E12) | D12: =IF($A12="","",Registro_Contenedores!H12) | E12: =IF($A12="","",Registro_Contenedores!J12) | F12: =IF($A12="","",Planif_Grupasa!G12) | G12: =IF($A12="","",Planif_Grupasa!I12) | H12: =IF($A12="","",Planif_Galagans!I12) | I12: =IF($A12="","",Registro_Contenedores!K12)
A13: =IF(Registro_Contenedores!A13="","",Registro_Contenedores!A13) | B13: =IF($A13="","",Registro_Contenedores!B13) | C13: =IF($A13="","",Registro_Contenedores!E13) | D13: =IF($A13="","",Registro_Contenedores!H13) | E13: =IF($A13="","",Registro_Contenedores!J13) | F13: =IF($A13="","",Planif_Grupasa!G13) | G13: =IF($A13="","",Planif_Grupasa!I13) | H13: =IF($A13="","",Planif_Galagans!I13) | I13: =IF($A13="","",Registro_Contenedores!K13)
A14: =IF(Registro_Contenedores!A14="","",Registro_Contenedores!A14) | B14: =IF($A14="","",Registro_Contenedores!B14) | C14: =IF($A14="","",Registro_Contenedores!E14) | D14: =IF($A14="","",Registro_Contenedores!H14) | E14: =IF($A14="","",Registro_Contenedores!J14) | F14: =IF($A14="","",Planif_Grupasa!G14) | G14: =IF($A14="","",Planif_Grupasa!I14) | H14: =IF($A14="","",Planif_Galagans!I14) | I14: =IF($A14="","",Registro_Contenedores!K14)
A15: =IF(Registro_Contenedores!A15="","",Registro_Contenedores!A15) | B15: =IF($A15="","",Registro_Contenedores!B15) | C15: =IF($A15="","",Registro_Contenedores!E15) | D15: =IF($A15="","",Registro_Contenedores!H15) | E15: =IF($A15="","",Registro_Contenedores!J15) | F15: =IF($A15="","",Planif_Grupasa!G15) | G15: =IF($A15="","",Planif_Grupasa!I15) | H15: =IF($A15="","",Planif_Galagans!I15) | I15: =IF($A15="","",Registro_Contenedores!K15)
A16: =IF(Registro_Contenedores!A16="","",Registro_Contenedores!A16) | B16: =IF($A16="","",Registro_Contenedores!B16) | C16: =IF($A16="","",Registro_Contenedores!E16) | D16: =IF($A16="","",Registro_Contenedores!H16) | E16: =IF($A16="","",Registro_Contenedores!J16) | F16: =IF($A16="","",Planif_Grupasa!G16) | G16: =IF($A16="","",Planif_Grupasa!I16) | H16: =IF($A16="","",Planif_Galagans!I16) | I16: =IF($A16="","",Registro_Contenedores!K16)
A17: =IF(Registro_Contenedores!A17="","",Registro_Contenedores!A17) | B17: =IF($A17="","",Registro_Contenedores!B17) | C17: =IF($A17="","",Registro_Contenedores!E17) | D17: =IF($A17="","",Registro_Contenedores!H17) | E17: =IF($A17="","",Registro_Contenedores!J17) | F17: =IF($A17="","",Planif_Grupasa!G17) | G17: =IF($A17="","",Planif_Grupasa!I17) | H17: =IF($A17="","",Planif_Galagans!I17) | I17: =IF($A17="","",Registro_Contenedores!K17)
A18: =IF(Registro_Contenedores!A18="","",Registro_Contenedores!A18) | B18: =IF($A18="","",Registro_Contenedores!B18) | C18: =IF($A18="","",Registro_Contenedores!E18) | D18: =IF($A18="","",Registro_Contenedores!H18) | E18: =IF($A18="","",Registro_Contenedores!J18) | F18: =IF($A18="","",Planif_Grupasa!G18) | G18: =IF($A18="","",Planif_Grupasa!I18) | H18: =IF($A18="","",Planif_Galagans!I18) | I18: =IF($A18="","",Registro_Contenedores!K18)
A19: =IF(Registro_Contenedores!A19="","",Registro_Contenedores!A19) | B19: =IF($A19="","",Registro_Contenedores!B19) | C19: =IF($A19="","",Registro_Contenedores!E19) | D19: =IF($A19="","",Registro_Contenedores!H19) | E19: =IF($A19="","",Registro_Contenedores!J19) | F19: =IF($A19="","",Planif_Grupasa!G19) | G19: =IF($A19="","",Planif_Grupasa!I19) | H19: =IF($A19="","",Planif_Galagans!I19) | I19: =IF($A19="","",Registro_Contenedores!K19)
A20: =IF(Registro_Contenedores!A20="","",Registro_Contenedores!A20) | B20: =IF($A20="","",Registro_Contenedores!B20) | C20: =IF($A20="","",Registro_Contenedores!E20) | D20: =IF($A20="","",Registro_Contenedores!H20) | E20: =IF($A20="","",Registro_Contenedores!J20) | F20: =IF($A20="","",Planif_Grupasa!G20) | G20: =IF($A20="","",Planif_Grupasa!I20) | H20: =IF($A20="","",Planif_Galagans!I20) | I20: =IF($A20="","",Registro_Contenedores!K20)
... A203: =IF(Registro_Contenedores!A203="","",Registro_Contenedores!A203) | B203: =IF($A203="","",Registro_Contenedores!B203) | C203: =IF($A203="","",Registro_Contenedores!E203) | D203: =IF($A203="","",Registro_Contenedores!H203) | E203: =IF($A203="","",Registro_Contenedores!J203) | F203: =IF($A203="","",Planif_Grupasa!G203) | G203: =IF($A203="","",Planif_Grupasa!I203) | H203: =IF($A203="","",Planif_Galagans!I203) | I203: =IF($A203="","",Registro_Contenedores!K203)

Sheet Base_Historica
A1: 5. BASE HISTÓRICA (NO EDITABLE)
A3: Fecha_Snapshot | B3: ID_Contenedor | C3: Pedido | D3: Naviera | E3: Puerto | F3: Deposito_Vacio | G3: Status | H3: Plan_Llegada_Grupasa | I3: Hora_Descarga | J3: Plan_Llegada_Patio | K3: Plan_Devolucion_Vacio | L3: Horario_Entrega_Real | M3: Comentario
A4: 46116 | B4: MSCU4510021 | C4: PED-260401 | D4: MSC | E4: CGSA | F4: MEDLOG | G4: EN PUERTO | H4: 46119 | I4: 08:00 | J4: 46117 | K4: 46124 | M4: Previo a retiro
A5: 46118 | B5: MSCU4510021 | C5: PED-260401 | D5: MSC | E5: CGSA | F5: MEDLOG | G5: EN PATIO GALAGANS | H5: 46119 | I5: 08:00 | J5: 46117 | K5: 46124 | M5: Ingreso a patio
A6: 46120 | B6: MSCU4102298 | C6: PED-260403 | D6: MSC | E6: TPG | F6: RFS | G6: ENTREGADO | H6: 46121 | I6: 07:45 | J6: 46119 | K6: 46126 | L6: 07:50 | M6: Entregado en planta

Sheet Control_Calidad
A1: 6. CONTROL DE CALIDAD DEL ARCHIVO
A3: Estado general | B3: =IF(COUNTIF($G$8:$G$207,"ERROR")>0,"🔴 ERRORES DETECTADOS","🟢 ARCHIVO OK") -> 🔴 ERRORES DETECTADOS
A4: Contenedores con error | B4: =COUNTIF($G$8:$G$207,"ERROR") -> 1
A5: Alertas CAS | B5: =COUNTIF($F$8:$F$207,"⚠️ ALERTA CAS") -> 0
A7: ID_Contenedor | B7: Errores_Registro | C7: Errores_Plan_Grupasa | D7: Errores_Plan_Galagans | E7: Errores_Status | F7: Alerta_CAS | G7: Estado_Fila | H7: Detalle_Final
A8: =Registro_Contenedores!A4 -> MSCU4510021 | B8: =IFERROR(IF(A8="","",_xludf.TEXTJOIN(" | ",TRUE,IF(Registro_Contenedores!J4="","Falta Fecha_CAS",""),IF(Registro_Contenedores!K4="","Falta Deposito_Vacio",""))),"OK") -> OK | C8: =IFERROR(IF(A8="","",_xludf.TEXTJOIN(" | ",TRUE,IF(Planif_Grupasa!G4="","Falta Plan_Llegada_Grupasa",""),IF(Planif_Grupasa!H4="","Falta Bodega",""),IF(Planif_Grupasa!I4="","Falta Hora_Descarga",""))),"OK") -> OK | D8: =IFERROR(IF(A8="","",_xludf.TEXTJOIN(" | ",TRUE,IF(Planif_Galagans!H4="","Falta Plan_Llegada_Patio",""),IF(Planif_Galagans!I4="","Falta Plan_Devolucion_Vacio",""))),"OK") -> OK | E8: =IFERROR(IF(A8="","",_xludf.TEXTJOIN(" | ",TRUE,IF(Status_Operativo!J4="","Falta Status_Actual",""),IF(AND(Status_Operativo!J4="ENTREGADO",Status_Operativo!K4=""),"Falta Horario_Entrega_Real",""),IF(AND(Status_Operativo!J4<>"ENTREGADO",Status_Operativo!K4<>""),"Horario_Entrega_Real solo aplica con status ENTREGADO",""))),"OK") -> OK | F8: =IF(A8="","",IF(AND(Status_Operativo!J4="EN PUERTO",Registro_Contenedores!J4-TODAY()<=3,Registro_Contenedores!J4>=TODAY()),"⚠️ ALERTA CAS","")) | G8: =IF(A8="","",IF(LEN(B8&C8&D8&E8)>0,"ERROR","OK")) -> ERROR | H8: =IF(A8="","",_xludf.TEXTJOIN(" | ",TRUE,B8,C8,D8,E8,F8)) -> #NAME?
A9: =Registro_Contenedores!A5 -> CMAU3381450 | B9: =IF(A9="","",_xludf.TEXTJOIN(" | ",TRUE,IF(Registro_Contenedores!J5="","Falta Fecha_CAS",""),IF(Registro_Contenedores!K5="","Falta Deposito_Vacio",""))) -> #NAME? | C9: =IF(A9="","",_xludf.TEXTJOIN(" | ",TRUE,IF(Planif_Grupasa!G5="","Falta Plan_Llegada_Grupasa",""),IF(Planif_Grupasa!H5="","Falta Bodega",""),IF(Planif_Grupasa!I5="","Falta Hora_Descarga",""))) -> #NAME? | D9: =IF(A9="","",_xludf.TEXTJOIN(" | ",TRUE,IF(Planif_Galagans!H5="","Falta Plan_Llegada_Patio",""),IF(Planif_Galagans!I5="","Falta Plan_Devolucion_Vacio",""))) -> #NAME? | E9: =IF(A9="","",_xludf.TEXTJOIN(" | ",TRUE,IF(Status_Operativo!J5="","Falta Status_Actual",""),IF(AND(Status_Operativo!J5="ENTREGADO",Status_Operativo!K5=""),"Falta Horario_Entrega_Real",""),IF(AND(Status_Operativo!J5<>"ENTREGADO",Status_Operativo!K5<>""),"Horario_Entrega_Real solo aplica con status ENTREGADO",""))) -> #NAME? | F9: =IF(A9="","",IF(AND(Status_Operativo!J5="EN PUERTO",Registro_Contenedores!J5-TODAY()<=3,Registro_Contenedores!J5>=TODAY()),"⚠️ ALERTA CAS","")) | G9: =IF(A9="","",IF(LEN(B9&C9&D9&E9)>0,"ERROR","OK")) -> #NAME? | H9: =IF(A9="","",_xludf.TEXTJOIN(" | ",TRUE,B9,C9,D9,E9,F9)) -> #NAME?
A10: =Registro_Contenedores!A6 -> MSCU4102298 | B10: =IF(A10="","",_xludf.TEXTJOIN(" | ",TRUE,IF(Registro_Contenedores!J6="","Falta Fecha_CAS",""),IF(Registro_Contenedores!K6="","Falta Deposito_Vacio",""))) -> #NAME? | C10: =IF(A10="","",_xludf.TEXTJOIN(" | ",TRUE,IF(Planif_Grupasa!G6="","Falta Plan_Llegada_Grupasa",""),IF(Planif_Grupasa!H6="","Falta Bodega",""),IF(Planif_Grupasa!I6="","Falta Hora_Descarga",""))) -> #NAME? | D10: =IF(A10="","",_xludf.TEXTJOIN(" | ",TRUE,IF(Planif_Galagans!H6="","Falta Plan_Llegada_Patio",""),IF(Planif_Galagans!I6="","Falta Plan_Devolucion_Vacio",""))) -> #NAME? | E10: =IF(A10="","",_xludf.TEXTJOIN(" | ",TRUE,IF(Status_Operativo!J6="","Falta Status_Actual",""),IF(AND(Status_Operativo!J6="ENTREGADO",Status_Operativo!K6=""),"Falta Horario_Entrega_Real",""),IF(AND(Status_Operativo!J6<>"ENTREGADO",Status_Operativo!K6<>""),"Horario_Entrega_Real solo aplica con status ENTREGADO",""))) -> #NAME? | F10: =IF(A10="","",IF(AND(Status_Operativo!J6="EN PUERTO",Registro_Contenedores!J6-TODAY()<=3,Registro_Contenedores!J6>=TODAY()),"⚠️ ALERTA CAS","")) | G10: =IF(A10="","",IF(LEN(B10&C10&D10&E10)>0,"ERROR","OK")) -> #NAME? | H10: =IF(A10="","",_xludf.TEXTJOIN(" | ",TRUE,B10,C10,D10,E10,F10)) -> #NAME?
A11: =Registro_Contenedores!A7 -> MAEU9928113 | B11: =IF(A11="","",_xludf.TEXTJOIN(" | ",TRUE,IF(Registro_Contenedores!J7="","Falta Fecha_CAS",""),IF(Registro_Contenedores!K7="","Falta Deposito_Vacio",""))) -> #NAME? | C11: =IF(A11="","",_xludf.TEXTJOIN(" | ",TRUE,IF(Planif_Grupasa!G7="","Falta Plan_Llegada_Grupasa",""),IF(Planif_Grupasa!H7="","Falta Bodega",""),IF(Planif_Grupasa!I7="","Falta Hora_Descarga",""))) -> #NAME? | D11: =IF(A11="","",_xludf.TEXTJOIN(" | ",TRUE,IF(Planif_Galagans!H7="","Falta Plan_Llegada_Patio",""),IF(Planif_Galagans!I7="","Falta Plan_Devolucion_Vacio",""))) -> #NAME? | E11: =IF(A11="","",_xludf.TEXTJOIN(" | ",TRUE,IF(Status_Operativo!J7="","Falta Status_Actual",""),IF(AND(Status_Operativo!J7="ENTREGADO",Status_Operativo!K7=""),"Falta Horario_Entrega_Real",""),IF(AND(Status_Operativo!J7<>"ENTREGADO",Status_Operativo!K7<>""),"Horario_Entrega_Real solo aplica con status ENTREGADO",""))) -> #NAME? | F11: =IF(A11="","",IF(AND(Status_Operativo!J7="EN PUERTO",Registro_Contenedores!J7-TODAY()<=3,Registro_Contenedores!J7>=TODAY()),"⚠️ ALERTA CAS","")) | G11: =IF(A11="","",IF(LEN(B11&C11&D11&E11)>0,"ERROR","OK")) -> #NAME? | H11: =IF(A11="","",_xludf.TEXTJOIN(" | ",TRUE,B11,C11,D11,E11,F11)) -> #NAME?
A12: =Registro_Contenedores!A8 -> HLBU5543219 | B12: =IF(A12="","",_xludf.TEXTJOIN(" | ",TRUE,IF(Registro_Contenedores!J8="","Falta Fecha_CAS",""),IF(Registro_Contenedores!K8="","Falta Deposito_Vacio",""))) -> #NAME? | C12: =IF(A12="","",_xludf.TEXTJOIN(" | ",TRUE,IF(Planif_Grupasa!G8="","Falta Plan_Llegada_Grupasa",""),IF(Planif_Grupasa!H8="","Falta Bodega",""),IF(Planif_Grupasa!I8="","Falta Hora_Descarga",""))) -> #NAME? | D12: =IF(A12="","",_xludf.TEXTJOIN(" | ",TRUE,IF(Planif_Galagans!H8="","Falta Plan_Llegada_Patio",""),IF(Planif_Galagans!I8="","Falta Plan_Devolucion_Vacio",""))) -> #NAME? | E12: =IF(A12="","",_xludf.TEXTJOIN(" | ",TRUE,IF(Status_Operativo!J8="","Falta Status_Actual",""),IF(AND(Status_Operativo!J8="ENTREGADO",Status_Operativo!K8=""),"Falta Horario_Entrega_Real",""),IF(AND(Status_Operativo!J8<>"ENTREGADO",Status_Operativo!K8<>""),"Horario_Entrega_Real solo aplica con status ENTREGADO",""))) -> #NAME? | F12: =IF(A12="","",IF(AND(Status_Operativo!J8="EN PUERTO",Registro_Contenedores!J8-TODAY()<=3,Registro_Contenedores!J8>=TODAY()),"⚠️ ALERTA CAS","")) | G12: =IF(A12="","",IF(LEN(B12&C12&D12&E12)>0,"ERROR","OK")) -> #NAME? | H12: =IF(A12="","",_xludf.TEXTJOIN(" | ",TRUE,B12,C12,D12,E12,F12)) -> #NAME?
A13: =Registro_Contenedores!A9 -> 0 | B13: =IF(A13="","",_xludf.TEXTJOIN(" | ",TRUE,IF(Registro_Contenedores!J9="","Falta Fecha_CAS",""),IF(Registro_Contenedores!K9="","Falta Deposito_Vacio",""))) -> #NAME? | C13: =IF(A13="","",_xludf.TEXTJOIN(" | ",TRUE,IF(Planif_Grupasa!G9="","Falta Plan_Llegada_Grupasa",""),IF(Planif_Grupasa!H9="","Falta Bodega",""),IF(Planif_Grupasa!I9="","Falta Hora_Descarga",""))) -> #NAME? | D13: =IF(A13="","",_xludf.TEXTJOIN(" | ",TRUE,IF(Planif_Galagans!H9="","Falta Plan_Llegada_Patio",""),IF(Planif_Galagans!I9="","Falta Plan_Devolucion_Vacio",""))) -> #NAME? | E13: =IF(A13="","",_xludf.TEXTJOIN(" | ",TRUE,IF(Status_Operativo!J9="","Falta Status_Actual",""),IF(AND(Status_Operativo!J9="ENTREGADO",Status_Operativo!K9=""),"Falta Horario_Entrega_Real",""),IF(AND(Status_Operativo!J9<>"ENTREGADO",Status_Operativo!K9<>""),"Horario_Entrega_Real solo aplica con status ENTREGADO",""))) -> #NAME? | F13: =IF(A13="","",IF(AND(Status_Operativo!J9="EN PUERTO",Registro_Contenedores!J9-TODAY()<=3,Registro_Contenedores!J9>=TODAY()),"⚠️ ALERTA CAS","")) | G13: =IF(A13="","",IF(LEN(B13&C13&D13&E13)>0,"ERROR","OK")) -> #NAME? | H13: =IF(A13="","",_xludf.TEXTJOIN(" | ",TRUE,B13,C13,D13,E13,F13)) -> #NAME?
A14: =Registro_Contenedores!A10 -> 0 | B14: =IF(A14="","",_xludf.TEXTJOIN(" | ",TRUE,IF(Registro_Contenedores!J10="","Falta Fecha_CAS",""),IF(Registro_Contenedores!K10="","Falta Deposito_Vacio",""))) -> #NAME? | C14: =IF(A14="","",_xludf.TEXTJOIN(" | ",TRUE,IF(Planif_Grupasa!G10="","Falta Plan_Llegada_Grupasa",""),IF(Planif_Grupasa!H10="","Falta Bodega",""),IF(Planif_Grupasa!I10="","Falta Hora_Descarga",""))) -> #NAME? | D14: =IF(A14="","",_xludf.TEXTJOIN(" | ",TRUE,IF(Planif_Galagans!H10="","Falta Plan_Llegada_Patio",""),IF(Planif_Galagans!I10="","Falta Plan_Devolucion_Vacio",""))) -> #NAME? | E14: =IF(A14="","",_xludf.TEXTJOIN(" | ",TRUE,IF(Status_Operativo!J10="","Falta Status_Actual",""),IF(AND(Status_Operativo!J10="ENTREGADO",Status_Operativo!K10=""),"Falta Horario_Entrega_Real",""),IF(AND(Status_Operativo!J10<>"ENTREGADO",Status_Operativo!K10<>""),"Horario_Entrega_Real solo aplica con status ENTREGADO",""))) -> #NAME? | F14: =IF(A14="","",IF(AND(Status_Operativo!J10="EN PUERTO",Registro_Contenedores!J10-TODAY()<=3,Registro_Contenedores!J10>=TODAY()),"⚠️ ALERTA CAS","")) | G14: =IF(A14="","",IF(LEN(B14&C14&D14&E14)>0,"ERROR","OK")) -> #NAME? | H14: =IF(A14="","",_xludf.TEXTJOIN(" | ",TRUE,B14,C14,D14,E14,F14)) -> #NAME?
A15: =Registro_Contenedores!A11 -> 0 | B15: =IF(A15="","",_xludf.TEXTJOIN(" | ",TRUE,IF(Registro_Contenedores!J11="","Falta Fecha_CAS",""),IF(Registro_Contenedores!K11="","Falta Deposito_Vacio",""))) -> #NAME? | C15: =IF(A15="","",_xludf.TEXTJOIN(" | ",TRUE,IF(Planif_Grupasa!G11="","Falta Plan_Llegada_Grupasa",""),IF(Planif_Grupasa!H11="","Falta Bodega",""),IF(Planif_Grupasa!I11="","Falta Hora_Descarga",""))) -> #NAME? | D15: =IF(A15="","",_xludf.TEXTJOIN(" | ",TRUE,IF(Planif_Galagans!H11="","Falta Plan_Llegada_Patio",""),IF(Planif_Galagans!I11="","Falta Plan_Devolucion_Vacio",""))) -> #NAME? | E15: =IF(A15="","",_xludf.TEXTJOIN(" | ",TRUE,IF(Status_Operativo!J11="","Falta Status_Actual",""),IF(AND(Status_Operativo!J11="ENTREGADO",Status_Operativo!K11=""),"Falta Horario_Entrega_Real",""),IF(AND(Status_Operativo!J11<>"ENTREGADO",Status_Operativo!K11<>""),"Horario_Entrega_Real solo aplica con status ENTREGADO",""))) -> #NAME? | F15: =IF(A15="","",IF(AND(Status_Operativo!J11="EN PUERTO",Registro_Contenedores!J11-TODAY()<=3,Registro_Contenedores!J11>=TODAY()),"⚠️ ALERTA CAS","")) | G15: =IF(A15="","",IF(LEN(B15&C15&D15&E15)>0,"ERROR","OK")) -> #NAME? | H15: =IF(A15="","",_xludf.TEXTJOIN(" | ",TRUE,B15,C15,D15,E15,F15)) -> #NAME?
A16: =Registro_Contenedores!A12 -> 0 | B16: =IF(A16="","",_xludf.TEXTJOIN(" | ",TRUE,IF(Registro_Contenedores!J12="","Falta Fecha_CAS",""),IF(Registro_Contenedores!K12="","Falta Deposito_Vacio",""))) -> #NAME? | C16: =IF(A16="","",_xludf.TEXTJOIN(" | ",TRUE,IF(Planif_Grupasa!G12="","Falta Plan_Llegada_Grupasa",""),IF(Planif_Grupasa!H12="","Falta Bodega",""),IF(Planif_Grupasa!I12="","Falta Hora_Descarga",""))) -> #NAME? | D16: =IF(A16="","",_xludf.TEXTJOIN(" | ",TRUE,IF(Planif_Galagans!H12="","Falta Plan_Llegada_Patio",""),IF(Planif_Galagans!I12="","Falta Plan_Devolucion_Vacio",""))) -> #NAME? | E16: =IF(A16="","",_xludf.TEXTJOIN(" | ",TRUE,IF(Status_Operativo!J12="","Falta Status_Actual",""),IF(AND(Status_Operativo!J12="ENTREGADO",Status_Operativo!K12=""),"Falta Horario_Entrega_Real",""),IF(AND(Status_Operativo!J12<>"ENTREGADO",Status_Operativo!K12<>""),"Horario_Entrega_Real solo aplica con status ENTREGADO",""))) -> #NAME? | F16: =IF(A16="","",IF(AND(Status_Operativo!J12="EN PUERTO",Registro_Contenedores!J12-TODAY()<=3,Registro_Contenedores!J12>=TODAY()),"⚠️ ALERTA CAS","")) | G16: =IF(A16="","",IF(LEN(B16&C16&D16&E16)>0,"ERROR","OK")) -> #NAME? | H16: =IF(A16="","",_xludf.TEXTJOIN(" | ",TRUE,B16,C16,D16,E16,F16)) -> #NAME?
A17: =Registro_Contenedores!A13 -> 0 | B17: =IF(A17="","",_xludf.TEXTJOIN(" | ",TRUE,IF(Registro_Contenedores!J13="","Falta Fecha_CAS",""),IF(Registro_Contenedores!K13="","Falta Deposito_Vacio",""))) -> #NAME? | C17: =IF(A17="","",_xludf.TEXTJOIN(" | ",TRUE,IF(Planif_Grupasa!G13="","Falta Plan_Llegada_Grupasa",""),IF(Planif_Grupasa!H13="","Falta Bodega",""),IF(Planif_Grupasa!I13="","Falta Hora_Descarga",""))) -> #NAME? | D17: =IF(A17="","",_xludf.TEXTJOIN(" | ",TRUE,IF(Planif_Galagans!H13="","Falta Plan_Llegada_Patio",""),IF(Planif_Galagans!I13="","Falta Plan_Devolucion_Vacio",""))) -> #NAME? | E17: =IF(A17="","",_xludf.TEXTJOIN(" | ",TRUE,IF(Status_Operativo!J13="","Falta Status_Actual",""),IF(AND(Status_Operativo!J13="ENTREGADO",Status_Operativo!K13=""),"Falta Horario_Entrega_Real",""),IF(AND(Status_Operativo!J13<>"ENTREGADO",Status_Operativo!K13<>""),"Horario_Entrega_Real solo aplica con status ENTREGADO",""))) -> #NAME? | F17: =IF(A17="","",IF(AND(Status_Operativo!J13="EN PUERTO",Registro_Contenedores!J13-TODAY()<=3,Registro_Contenedores!J13>=TODAY()),"⚠️ ALERTA CAS","")) | G17: =IF(A17="","",IF(LEN(B17&C17&D17&E17)>0,"ERROR","OK")) -> #NAME? | H17: =IF(A17="","",_xludf.TEXTJOIN(" | ",TRUE,B17,C17,D17,E17,F17)) -> #NAME?
A18: =Registro_Contenedores!A14 -> 0 | B18: =IF(A18="","",_xludf.TEXTJOIN(" | ",TRUE,IF(Registro_Contenedores!J14="","Falta Fecha_CAS",""),IF(Registro_Contenedores!K14="","Falta Deposito_Vacio",""))) -> #NAME? | C18: =IF(A18="","",_xludf.TEXTJOIN(" | ",TRUE,IF(Planif_Grupasa!G14="","Falta Plan_Llegada_Grupasa",""),IF(Planif_Grupasa!H14="","Falta Bodega",""),IF(Planif_Grupasa!I14="","Falta Hora_Descarga",""))) -> #NAME? | D18: =IF(A18="","",_xludf.TEXTJOIN(" | ",TRUE,IF(Planif_Galagans!H14="","Falta Plan_Llegada_Patio",""),IF(Planif_Galagans!I14="","Falta Plan_Devolucion_Vacio",""))) -> #NAME? | E18: =IF(A18="","",_xludf.TEXTJOIN(" | ",TRUE,IF(Status_Operativo!J14="","Falta Status_Actual",""),IF(AND(Status_Operativo!J14="ENTREGADO",Status_Operativo!K14=""),"Falta Horario_Entrega_Real",""),IF(AND(Status_Operativo!J14<>"ENTREGADO",Status_Operativo!K14<>""),"Horario_Entrega_Real solo aplica con status ENTREGADO",""))) -> #NAME? | F18: =IF(A18="","",IF(AND(Status_Operativo!J14="EN PUERTO",Registro_Contenedores!J14-TODAY()<=3,Registro_Contenedores!J14>=TODAY()),"⚠️ ALERTA CAS","")) | G18: =IF(A18="","",IF(LEN(B18&C18&D18&E18)>0,"ERROR","OK")) -> #NAME? | H18: =IF(A18="","",_xludf.TEXTJOIN(" | ",TRUE,B18,C18,D18,E18,F18)) -> #NAME?
A19: =Registro_Contenedores!A15 -> 0 | B19: =IF(A19="","",_xludf.TEXTJOIN(" | ",TRUE,IF(Registro_Contenedores!J15="","Falta Fecha_CAS",""),IF(Registro_Contenedores!K15="","Falta Deposito_Vacio",""))) -> #NAME? | C19: =IF(A19="","",_xludf.TEXTJOIN(" | ",TRUE,IF(Planif_Grupasa!G15="","Falta Plan_Llegada_Grupasa",""),IF(Planif_Grupasa!H15="","Falta Bodega",""),IF(Planif_Grupasa!I15="","Falta Hora_Descarga",""))) -> #NAME? | D19: =IF(A19="","",_xludf.TEXTJOIN(" | ",TRUE,IF(Planif_Galagans!H15="","Falta Plan_Llegada_Patio",""),IF(Planif_Galagans!I15="","Falta Plan_Devolucion_Vacio",""))) -> #NAME? | E19: =IF(A19="","",_xludf.TEXTJOIN(" | ",TRUE,IF(Status_Operativo!J15="","Falta Status_Actual",""),IF(AND(Status_Operativo!J15="ENTREGADO",Status_Operativo!K15=""),"Falta Horario_Entrega_Real",""),IF(AND(Status_Operativo!J15<>"ENTREGADO",Status_Operativo!K15<>""),"Horario_Entrega_Real solo aplica con status ENTREGADO",""))) -> #NAME? | F19: =IF(A19="","",IF(AND(Status_Operativo!J15="EN PUERTO",Registro_Contenedores!J15-TODAY()<=3,Registro_Contenedores!J15>=TODAY()),"⚠️ ALERTA CAS","")) | G19: =IF(A19="","",IF(LEN(B19&C19&D19&E19)>0,"ERROR","OK")) -> #NAME? | H19: =IF(A19="","",_xludf.TEXTJOIN(" | ",TRUE,B19,C19,D19,E19,F19)) -> #NAME?
A20: =Registro_Contenedores!A16 -> 0 | B20: =IF(A20="","",_xludf.TEXTJOIN(" | ",TRUE,IF(Registro_Contenedores!J16="","Falta Fecha_CAS",""),IF(Registro_Contenedores!K16="","Falta Deposito_Vacio",""))) -> #NAME? | C20: =IF(A20="","",_xludf.TEXTJOIN(" | ",TRUE,IF(Planif_Grupasa!G16="","Falta Plan_Llegada_Grupasa",""),IF(Planif_Grupasa!H16="","Falta Bodega",""),IF(Planif_Grupasa!I16="","Falta Hora_Descarga",""))) -> #NAME? | D20: =IF(A20="","",_xludf.TEXTJOIN(" | ",TRUE,IF(Planif_Galagans!H16="","Falta Plan_Llegada_Patio",""),IF(Planif_Galagans!I16="","Falta Plan_Devolucion_Vacio",""))) -> #NAME? | E20: =IF(A20="","",_xludf.TEXTJOIN(" | ",TRUE,IF(Status_Operativo!J16="","Falta Status_Actual",""),IF(AND(Status_Operativo!J16="ENTREGADO",Status_Operativo!K16=""),"Falta Horario_Entrega_Real",""),IF(AND(Status_Operativo!J16<>"ENTREGADO",Status_Operativo!K16<>""),"Horario_Entrega_Real solo aplica con status ENTREGADO",""))) -> #NAME? | F20: =IF(A20="","",IF(AND(Status_Operativo!J16="EN PUERTO",Registro_Contenedores!J16-TODAY()<=3,Registro_Contenedores!J16>=TODAY()),"⚠️ ALERTA CAS","")) | G20: =IF(A20="","",IF(LEN(B20&C20&D20&E20)>0,"ERROR","OK")) -> #NAME? | H20: =IF(A20="","",_xludf.TEXTJOIN(" | ",TRUE,B20,C20,D20,E20,F20)) -> #NAME?
... A207: =Registro_Contenedores!A203 -> 0 | B207: =IF(A207="","",_xludf.TEXTJOIN(" | ",TRUE,IF(Registro_Contenedores!J203="","Falta Fecha_CAS",""),IF(Registro_Contenedores!K203="","Falta Deposito_Vacio",""))) -> #NAME? | C207: =IF(A207="","",_xludf.TEXTJOIN(" | ",TRUE,IF(Planif_Grupasa!G203="","Falta Plan_Llegada_Grupasa",""),IF(Planif_Grupasa!H203="","Falta Bodega",""),IF(Planif_Grupasa!I203="","Falta Hora_Descarga",""))) -> #NAME? | D207: =IF(A207="","",_xludf.TEXTJOIN(" | ",TRUE,IF(Planif_Galagans!H203="","Falta Plan_Llegada_Patio",""),IF(Planif_Galagans!I203="","Falta Plan_Devolucion_Vacio",""))) -> #NAME? | E207: =IF(A207="","",_xludf.TEXTJOIN(" | ",TRUE,IF(Status_Operativo!J203="","Falta Status_Actual",""),IF(AND(Status_Operativo!J203="ENTREGADO",Status_Operativo!K203=""),"Falta Horario_Entrega_Real",""),IF(AND(Status_Operativo!J203<>"ENTREGADO",Status_Operativo!K203<>""),"Horario_Entrega_Real solo aplica con status ENTREGADO",""))) -> #NAME? | F207: =IF(A207="","",IF(AND(Status_Operativo!J203="EN PUERTO",Registro_Contenedores!J203-TODAY()<=3,Registro_Contenedores!J203>=TODAY()),"⚠️ ALERTA CAS","")) | G207: =IF(A207="","",IF(LEN(B207&C207&D207&E207)>0,"ERROR","OK")) -> #NAME? | H207: =IF(A207="","",_xludf.TEXTJOIN(" | ",TRUE,B207,C207,D207,E207,F207)) -> #NAME?
